-- Countries
INSERT INTO country (id, name) VALUES 
(1, 'United States'),
(2, 'United Kingdom'),
(3, 'France'),
(4, 'Germany'),
(5, 'Japan'),
(6, 'Australia'),
(7, 'Canada'),
(8, 'Spain'),
(9, 'Italy'),
(10, 'Netherlands'),
(11, 'China'),
(12, 'Brazil'),
(13, 'India'),
(14, 'United Arab Emirates'),
(15, 'South Korea'),
(23, 'Singapore'),
(24, 'Thailand'),
(25, 'Turkey'),
(26, 'Russia'),
(27, 'Hong Kong'),
(28, 'Malaysia'),
(29, 'Indonesia');

-- Cities
INSERT INTO city (id, name) VALUES 
(1, 'New York'),
(2, 'London'),
(3, 'Paris'),
(4, 'Berlin'),
(5, 'Tokyo'),
(6, 'Sydney'),
(7, 'Toronto'),
(8, 'Madrid'),
(9, 'Rome'),
(10, 'Amsterdam'),
(11, 'Los Angeles'),
(12, 'Chicago'),
(13, 'San Francisco'),
(14, 'Miami'),
(15, 'Beijing'),
(16, 'São Paulo'),
(17, 'Mumbai'),
(18, 'Dubai'),
(19, 'Seoul'),
(20, 'Houston'),
(21, 'Manchester'),
(22, 'Osaka'),
(23, 'Singapore'),
(24, 'Bangkok'),
(25, 'Istanbul'),
(26, 'Moscow'),
(27, 'Hong Kong'),
(28, 'Kuala Lumpur'),
(29, 'Jakarta');

-- Airports
INSERT INTO airport (id, name, country_id, city_id) VALUES 
(1, 'John F. Kennedy International Airport', 1, 1),
(2, 'Heathrow Airport', 2, 2),
(3, 'Charles de Gaulle Airport', 3, 3),
(4, 'Berlin Brandenburg Airport', 4, 4),
(5, 'Narita International Airport', 5, 5),
(6, 'Sydney Airport', 6, 6),
(7, 'Toronto Pearson International Airport', 7, 7),
(8, 'Adolfo Suárez Madrid–Barajas Airport', 8, 8),
(9, 'Leonardo da Vinci International Airport', 9, 9),
(10, 'Amsterdam Airport Schiphol', 10, 10),
(11, 'Los Angeles International Airport', 1, 11),
(12, 'O''Hare International Airport', 1, 12),
(13, 'San Francisco International Airport', 1, 13),
(14, 'Miami International Airport', 1, 14),
(15, 'Beijing Capital International Airport', 11, 15),
(16, 'Guarulhos International Airport', 12, 16),
(17, 'Chhatrapati Shivaji Maharaj International Airport', 13, 17),
(18, 'Dubai International Airport', 14, 18),
(19, 'Incheon International Airport', 15, 19),
(20, 'George Bush Intercontinental Airport', 1, 20),
(21, 'Manchester Airport', 2, 21),
(22, 'Kansai International Airport', 5, 22),
(23, 'Changi Airport', 23, 23),
(24, 'Suvarnabhumi Airport', 24, 24),
(25, 'Istanbul Airport', 25, 25),
(26, 'Sheremetyevo International Airport', 26, 26),
(27, 'Hong Kong International Airport', 27, 27),
(28, 'Kuala Lumpur International Airport', 28, 28),
(29, 'Soekarno–Hatta International Airport', 29, 29);

-- Plane Producers
INSERT INTO plane_producer (id, name) VALUES 
(1, 'Boeing'),
(2, 'Airbus');

-- Planes
INSERT INTO plane (id, name, producer_id, window_columns, aisle_columns, exit_rows) VALUES 
(1, 'Boeing 747', 1, '{A,K}', '{C,D,E,F,G,H}', '{4,11,22,35,42}'),
(2, 'Airbus A320', 2, '{A,F}', '{C,D}', '{12,13}');

-- Seat Classes
INSERT INTO seat_class (id, name, price_multiplier) VALUES 
(1, 'Economy', 1.0),
(2, 'Premium Economy', 1.5),
(3, 'Business', 2.5),
(4, 'First Class', 4.0);

-- Seats for Boeing 747 (Plane ID 1)
-- First Class (Rows 1-2, 20 seats)
INSERT INTO seat (id, row_number, column_letter, plane_id, seat_class_id) VALUES
(1, 1, 'A', 1, 4),
(2, 1, 'B', 1, 4),
(3, 1, 'C', 1, 4),
(4, 1, 'D', 1, 4),
(5, 1, 'E', 1, 4),
(6, 1, 'F', 1, 4),
(7, 1, 'G', 1, 4),
(8, 1, 'H', 1, 4),
(9, 1, 'J', 1, 4),
(10, 1, 'K', 1, 4),
(11, 2, 'A', 1, 4),
(12, 2, 'B', 1, 4),
(13, 2, 'C', 1, 4),
(14, 2, 'D', 1, 4),
(15, 2, 'E', 1, 4),
(16, 2, 'F', 1, 4),
(17, 2, 'G', 1, 4),
(18, 2, 'H', 1, 4),
(19, 2, 'J', 1, 4),
(20, 2, 'K', 1, 4),

-- Business Class (Rows 3-6, 40 seats)
(21, 3, 'A', 1, 3),
(22, 3, 'B', 1, 3),
(23, 3, 'C', 1, 3),
(24, 3, 'D', 1, 3),
(25, 3, 'E', 1, 3),
(26, 3, 'F', 1, 3),
(27, 3, 'G', 1, 3),
(28, 3, 'H', 1, 3),
(29, 3, 'J', 1, 3),
(30, 3, 'K', 1, 3),
(31, 4, 'A', 1, 3),
(32, 4, 'B', 1, 3),
(33, 4, 'C', 1, 3),
(34, 4, 'D', 1, 3),
(35, 4, 'E', 1, 3),
(36, 4, 'F', 1, 3),
(37, 4, 'G', 1, 3),
(38, 4, 'H', 1, 3),
(39, 4, 'J', 1, 3),
(40, 4, 'K', 1, 3),
(41, 5, 'A', 1, 3),
(42, 5, 'B', 1, 3),
(43, 5, 'C', 1, 3),
(44, 5, 'D', 1, 3),
(45, 5, 'E', 1, 3),
(46, 5, 'F', 1, 3),
(47, 5, 'G', 1, 3),
(48, 5, 'H', 1, 3),
(49, 5, 'J', 1, 3),
(50, 5, 'K', 1, 3),
(51, 6, 'A', 1, 3),
(52, 6, 'B', 1, 3),
(53, 6, 'C', 1, 3),
(54, 6, 'D', 1, 3),
(55, 6, 'E', 1, 3),
(56, 6, 'F', 1, 3),
(57, 6, 'G', 1, 3),
(58, 6, 'H', 1, 3),
(59, 6, 'J', 1, 3),
(60, 6, 'K', 1, 3),

-- Premium Economy (Rows 7-14, 80 seats)
(61, 7, 'A', 1, 2),
(62, 7, 'B', 1, 2),
(63, 7, 'C', 1, 2),
(64, 7, 'D', 1, 2),
(65, 7, 'E', 1, 2),
(66, 7, 'F', 1, 2),
(67, 7, 'G', 1, 2),
(68, 7, 'H', 1, 2),
(69, 7, 'J', 1, 2),
(70, 7, 'K', 1, 2),
(71, 8, 'A', 1, 2),
(72, 8, 'B', 1, 2),
(73, 8, 'C', 1, 2),
(74, 8, 'D', 1, 2),
(75, 8, 'E', 1, 2),
(76, 8, 'F', 1, 2),
(77, 8, 'G', 1, 2),
(78, 8, 'H', 1, 2),
(79, 8, 'J', 1, 2),
(80, 8, 'K', 1, 2),
(81, 9, 'A', 1, 2),
(82, 9, 'B', 1, 2),
(83, 9, 'C', 1, 2),
(84, 9, 'D', 1, 2),
(85, 9, 'E', 1, 2),
(86, 9, 'F', 1, 2),
(87, 9, 'G', 1, 2),
(88, 9, 'H', 1, 2),
(89, 9, 'J', 1, 2),
(90, 9, 'K', 1, 2),
(91, 10, 'A', 1, 2),
(92, 10, 'B', 1, 2),
(93, 10, 'C', 1, 2),
(94, 10, 'D', 1, 2),
(95, 10, 'E', 1, 2),
(96, 10, 'F', 1, 2),
(97, 10, 'G', 1, 2),
(98, 10, 'H', 1, 2),
(99, 10, 'J', 1, 2),
(100, 10, 'K', 1, 2),
(101, 11, 'A', 1, 2),
(102, 11, 'B', 1, 2),
(103, 11, 'C', 1, 2),
(104, 11, 'D', 1, 2),
(105, 11, 'E', 1, 2),
(106, 11, 'F', 1, 2),
(107, 11, 'G', 1, 2),
(108, 11, 'H', 1, 2),
(109, 11, 'J', 1, 2),
(110, 11, 'K', 1, 2),
(111, 12, 'A', 1, 2),
(112, 12, 'B', 1, 2),
(113, 12, 'C', 1, 2),
(114, 12, 'D', 1, 2),
(115, 12, 'E', 1, 2),
(116, 12, 'F', 1, 2),
(117, 12, 'G', 1, 2),
(118, 12, 'H', 1, 2),
(119, 12, 'J', 1, 2),
(120, 12, 'K', 1, 2),
(121, 13, 'A', 1, 2),
(122, 13, 'B', 1, 2),
(123, 13, 'C', 1, 2),
(124, 13, 'D', 1, 2),
(125, 13, 'E', 1, 2),
(126, 13, 'F', 1, 2),
(127, 13, 'G', 1, 2),
(128, 13, 'H', 1, 2),
(129, 13, 'J', 1, 2),
(130, 13, 'K', 1, 2),
(131, 14, 'A', 1, 2),
(132, 14, 'B', 1, 2),
(133, 14, 'C', 1, 2),
(134, 14, 'D', 1, 2),
(135, 14, 'E', 1, 2),
(136, 14, 'F', 1, 2),
(137, 14, 'G', 1, 2),
(138, 14, 'H', 1, 2),
(139, 14, 'J', 1, 2),
(140, 14, 'K', 1, 2),

-- Economy (Rows 15-42, 280 seats)
(141, 15, 'A', 1, 1),
(142, 15, 'B', 1, 1),
(143, 15, 'C', 1, 1),
(144, 15, 'D', 1, 1),
(145, 15, 'E', 1, 1),
(146, 15, 'F', 1, 1),
(147, 15, 'G', 1, 1),
(148, 15, 'H', 1, 1),
(149, 15, 'J', 1, 1),
(150, 15, 'K', 1, 1),
(151, 16, 'A', 1, 1),
(152, 16, 'B', 1, 1),
(153, 16, 'C', 1, 1),
(154, 16, 'D', 1, 1),
(155, 16, 'E', 1, 1),
(156, 16, 'F', 1, 1),
(157, 16, 'G', 1, 1),
(158, 16, 'H', 1, 1),
(159, 16, 'J', 1, 1),
(160, 16, 'K', 1, 1),
(161, 17, 'A', 1, 1),
(162, 17, 'B', 1, 1),
(163, 17, 'C', 1, 1),
(164, 17, 'D', 1, 1),
(165, 17, 'E', 1, 1),
(166, 17, 'F', 1, 1),
(167, 17, 'G', 1, 1),
(168, 17, 'H', 1, 1),
(169, 17, 'J', 1, 1),
(170, 17, 'K', 1, 1),
(171, 18, 'A', 1, 1),
(172, 18, 'B', 1, 1),
(173, 18, 'C', 1, 1),
(174, 18, 'D', 1, 1),
(175, 18, 'E', 1, 1),
(176, 18, 'F', 1, 1),
(177, 18, 'G', 1, 1),
(178, 18, 'H', 1, 1),
(179, 18, 'J', 1, 1),
(180, 18, 'K', 1, 1),
(181, 19, 'A', 1, 1),
(182, 19, 'B', 1, 1),
(183, 19, 'C', 1, 1),
(184, 19, 'D', 1, 1),
(185, 19, 'E', 1, 1),
(186, 19, 'F', 1, 1),
(187, 19, 'G', 1, 1),
(188, 19, 'H', 1, 1),
(189, 19, 'J', 1, 1),
(190, 19, 'K', 1, 1),
(191, 20, 'A', 1, 1),
(192, 20, 'B', 1, 1),
(193, 20, 'C', 1, 1),
(194, 20, 'D', 1, 1),
(195, 20, 'E', 1, 1),
(196, 20, 'F', 1, 1),
(197, 20, 'G', 1, 1),
(198, 20, 'H', 1, 1),
(199, 20, 'J', 1, 1),
(200, 20, 'K', 1, 1),
(201, 21, 'A', 1, 1),
(202, 21, 'B', 1, 1),
(203, 21, 'C', 1, 1),
(204, 21, 'D', 1, 1),
(205, 21, 'E', 1, 1),
(206, 21, 'F', 1, 1),
(207, 21, 'G', 1, 1),
(208, 21, 'H', 1, 1),
(209, 21, 'J', 1, 1),
(210, 21, 'K', 1, 1),
(211, 22, 'A', 1, 1),
(212, 22, 'B', 1, 1),
(213, 22, 'C', 1, 1),
(214, 22, 'D', 1, 1),
(215, 22, 'E', 1, 1),
(216, 22, 'F', 1, 1),
(217, 22, 'G', 1, 1),
(218, 22, 'H', 1, 1),
(219, 22, 'J', 1, 1),
(220, 22, 'K', 1, 1),
(221, 23, 'A', 1, 1),
(222, 23, 'B', 1, 1),
(223, 23, 'C', 1, 1),
(224, 23, 'D', 1, 1),
(225, 23, 'E', 1, 1),
(226, 23, 'F', 1, 1),
(227, 23, 'G', 1, 1),
(228, 23, 'H', 1, 1),
(229, 23, 'J', 1, 1),
(230, 23, 'K', 1, 1),
(231, 24, 'A', 1, 1),
(232, 24, 'B', 1, 1),
(233, 24, 'C', 1, 1),
(234, 24, 'D', 1, 1),
(235, 24, 'E', 1, 1),
(236, 24, 'F', 1, 1),
(237, 24, 'G', 1, 1),
(238, 24, 'H', 1, 1),
(239, 24, 'J', 1, 1),
(240, 24, 'K', 1, 1),
(241, 25, 'A', 1, 1),
(242, 25, 'B', 1, 1),
(243, 25, 'C', 1, 1),
(244, 25, 'D', 1, 1),
(245, 25, 'E', 1, 1),
(246, 25, 'F', 1, 1),
(247, 25, 'G', 1, 1),
(248, 25, 'H', 1, 1),
(249, 25, 'J', 1, 1),
(250, 25, 'K', 1, 1),
(251, 26, 'A', 1, 1),
(252, 26, 'B', 1, 1),
(253, 26, 'C', 1, 1),
(254, 26, 'D', 1, 1),
(255, 26, 'E', 1, 1),
(256, 26, 'F', 1, 1),
(257, 26, 'G', 1, 1),
(258, 26, 'H', 1, 1),
(259, 26, 'J', 1, 1),
(260, 26, 'K', 1, 1),
(261, 27, 'A', 1, 1),
(262, 27, 'B', 1, 1),
(263, 27, 'C', 1, 1),
(264, 27, 'D', 1, 1),
(265, 27, 'E', 1, 1),
(266, 27, 'F', 1, 1),
(267, 27, 'G', 1, 1),
(268, 27, 'H', 1, 1),
(269, 27, 'J', 1, 1),
(270, 27, 'K', 1, 1),
(271, 28, 'A', 1, 1),
(272, 28, 'B', 1, 1),
(273, 28, 'C', 1, 1),
(274, 28, 'D', 1, 1),
(275, 28, 'E', 1, 1),
(276, 28, 'F', 1, 1),
(277, 28, 'G', 1, 1),
(278, 28, 'H', 1, 1),
(279, 28, 'J', 1, 1),
(280, 28, 'K', 1, 1),
(281, 29, 'A', 1, 1),
(282, 29, 'B', 1, 1),
(283, 29, 'C', 1, 1),
(284, 29, 'D', 1, 1),
(285, 29, 'E', 1, 1),
(286, 29, 'F', 1, 1),
(287, 29, 'G', 1, 1),
(288, 29, 'H', 1, 1),
(289, 29, 'J', 1, 1),
(290, 29, 'K', 1, 1),
(291, 30, 'A', 1, 1),
(292, 30, 'B', 1, 1),
(293, 30, 'C', 1, 1),
(294, 30, 'D', 1, 1),
(295, 30, 'E', 1, 1),
(296, 30, 'F', 1, 1),
(297, 30, 'G', 1, 1),
(298, 30, 'H', 1, 1),
(299, 30, 'J', 1, 1),
(300, 30, 'K', 1, 1),
(301, 31, 'A', 1, 1),
(302, 31, 'B', 1, 1),
(303, 31, 'C', 1, 1),
(304, 31, 'D', 1, 1),
(305, 31, 'E', 1, 1),
(306, 31, 'F', 1, 1),
(307, 31, 'G', 1, 1),
(308, 31, 'H', 1, 1),
(309, 31, 'J', 1, 1),
(310, 31, 'K', 1, 1),
(311, 32, 'A', 1, 1),
(312, 32, 'B', 1, 1),
(313, 32, 'C', 1, 1),
(314, 32, 'D', 1, 1),
(315, 32, 'E', 1, 1),
(316, 32, 'F', 1, 1),
(317, 32, 'G', 1, 1),
(318, 32, 'H', 1, 1),
(319, 32, 'J', 1, 1),
(320, 32, 'K', 1, 1),
(321, 33, 'A', 1, 1),
(322, 33, 'B', 1, 1),
(323, 33, 'C', 1, 1),
(324, 33, 'D', 1, 1),
(325, 33, 'E', 1, 1),
(326, 33, 'F', 1, 1),
(327, 33, 'G', 1, 1),
(328, 33, 'H', 1, 1),
(329, 33, 'J', 1, 1),
(330, 33, 'K', 1, 1),
(331, 34, 'A', 1, 1),
(332, 34, 'B', 1, 1),
(333, 34, 'C', 1, 1),
(334, 34, 'D', 1, 1),
(335, 34, 'E', 1, 1),
(336, 34, 'F', 1, 1),
(337, 34, 'G', 1, 1),
(338, 34, 'H', 1, 1),
(339, 34, 'J', 1, 1),
(340, 34, 'K', 1, 1),
(341, 35, 'A', 1, 1),
(342, 35, 'B', 1, 1),
(343, 35, 'C', 1, 1),
(344, 35, 'D', 1, 1),
(345, 35, 'E', 1, 1),
(346, 35, 'F', 1, 1),
(347, 35, 'G', 1, 1),
(348, 35, 'H', 1, 1),
(349, 35, 'J', 1, 1),
(350, 35, 'K', 1, 1),
(351, 36, 'A', 1, 1),
(352, 36, 'B', 1, 1),
(353, 36, 'C', 1, 1),
(354, 36, 'D', 1, 1),
(355, 36, 'E', 1, 1),
(356, 36, 'F', 1, 1),
(357, 36, 'G', 1, 1),
(358, 36, 'H', 1, 1),
(359, 36, 'J', 1, 1),
(360, 36, 'K', 1, 1),
(361, 37, 'A', 1, 1),
(362, 37, 'B', 1, 1),
(363, 37, 'C', 1, 1),
(364, 37, 'D', 1, 1),
(365, 37, 'E', 1, 1),
(366, 37, 'F', 1, 1),
(367, 37, 'G', 1, 1),
(368, 37, 'H', 1, 1),
(369, 37, 'J', 1, 1),
(370, 37, 'K', 1, 1),
(371, 38, 'A', 1, 1),
(372, 38, 'B', 1, 1),
(373, 38, 'C', 1, 1),
(374, 38, 'D', 1, 1),
(375, 38, 'E', 1, 1),
(376, 38, 'F', 1, 1),
(377, 38, 'G', 1, 1),
(378, 38, 'H', 1, 1),
(379, 38, 'J', 1, 1),
(380, 38, 'K', 1, 1),
(381, 39, 'A', 1, 1),
(382, 39, 'B', 1, 1),
(383, 39, 'C', 1, 1),
(384, 39, 'D', 1, 1),
(385, 39, 'E', 1, 1),
(386, 39, 'F', 1, 1),
(387, 39, 'G', 1, 1),
(388, 39, 'H', 1, 1),
(389, 39, 'J', 1, 1),
(390, 39, 'K', 1, 1),
(391, 40, 'A', 1, 1),
(392, 40, 'B', 1, 1),
(393, 40, 'C', 1, 1),
(394, 40, 'D', 1, 1),
(395, 40, 'E', 1, 1),
(396, 40, 'F', 1, 1),
(397, 40, 'G', 1, 1),
(398, 40, 'H', 1, 1),
(399, 40, 'J', 1, 1),
(400, 40, 'K', 1, 1);

-- Seats for Airbus A320 (Plane ID 4) - Updated IDs
INSERT INTO seat (id, row_number, column_letter, plane_id, seat_class_id) VALUES
-- Business Class (Rows 1-3, 18 seats)
(401, 1, 'A', 2, 3),
(402, 1, 'B', 2, 3),
(403, 1, 'C', 2, 3),
(404, 1, 'D', 2, 3),
(405, 1, 'E', 2, 3),
(406, 1, 'F', 2, 3),
(407, 2, 'A', 2, 3),
(408, 2, 'B', 2, 3),
(409, 2, 'C', 2, 3),
(410, 2, 'D', 2, 3),
(411, 2, 'E', 2, 3),
(412, 2, 'F', 2, 3),
(413, 3, 'A', 2, 3),
(414, 3, 'B', 2, 3),
(415, 3, 'C', 2, 3),
(416, 3, 'D', 2, 3),
(417, 3, 'E', 2, 3),
(418, 3, 'F', 2, 3),

-- Economy Class (Rows 4-13, 180 seats)
(419, 4, 'A', 2, 1),
(420, 4, 'B', 2, 1),
(421, 4, 'C', 2, 1),
(422, 4, 'D', 2, 1),
(423, 4, 'E', 2, 1),
(424, 4, 'F', 2, 1),
-- Rows 5-12
(425, 5, 'A', 2, 1),
(426, 5, 'B', 2, 1),
(427, 5, 'C', 2, 1),
(428, 5, 'D', 2, 1),
(429, 5, 'E', 2, 1),
(430, 5, 'F', 2, 1),
(431, 6, 'A', 2, 1),
(432, 6, 'B', 2, 1),
(433, 6, 'C', 2, 1),
(434, 6, 'D', 2, 1),
(435, 6, 'E', 2, 1),
(436, 6, 'F', 2, 1),
(437, 7, 'A', 2, 1),
(438, 7, 'B', 2, 1),
(439, 7, 'C', 2, 1),
(440, 7, 'D', 2, 1),
(441, 7, 'E', 2, 1),
(442, 7, 'F', 2, 1),
(443, 8, 'A', 2, 1),
(444, 8, 'B', 2, 1),
(445, 8, 'C', 2, 1),
(446, 8, 'D', 2, 1),
(447, 8, 'E', 2, 1),
(448, 8, 'F', 2, 1),
(449, 9, 'A', 2, 1),
(450, 9, 'B', 2, 1),
(451, 9, 'C', 2, 1),
(452, 9, 'D', 2, 1),
(453, 9, 'E', 2, 1),
(454, 9, 'F', 2, 1),
(455, 10, 'A', 2, 1),
(456, 10, 'B', 2, 1),
(457, 10, 'C', 2, 1),
(458, 10, 'D', 2, 1),
(459, 10, 'E', 2, 1),
(460, 10, 'F', 2, 1),
(461, 11, 'A', 2, 1),
(462, 11, 'B', 2, 1),
(463, 11, 'C', 2, 1),
(464, 11, 'D', 2, 1),
(465, 11, 'E', 2, 1),
(466, 11, 'F', 2, 1),
(467, 12, 'A', 2, 1),
(468, 12, 'B', 2, 1),
(469, 12, 'C', 2, 1),
(470, 12, 'D', 2, 1),
(471, 12, 'E', 2, 1),
(472, 12, 'F', 2, 1),
-- Row 13
(473, 13, 'A', 2, 1),
(474, 13, 'B', 2, 1),
(475, 13, 'C', 2, 1),
(476, 13, 'D', 2, 1),
(477, 13, 'E', 2, 1),
(478, 13, 'F', 2, 1);

